{
    "J":[
        [
            4,
            0,
            0
        ],
        [
            0,
            12,
            0
        ],
        [
            0,
            0,
            11
        ]
    ],
    "KD":25,
    "KD0":2.15,
    "KL":132.5,
    "KL0":0.0,
    "KM":-100,
    "KM0":0.0,
    "KOmega1":-50,
    "KOmega2":-50,
    "M":[
        [
            45.0,
            0.0,
            0.0
        ],
        [
            0.0,
            100.0,
            0.0
        ],
        [
            0.0,
            0.0,
            110.0
        ]
    ],
    "Mf":[
        [
            5,
            0,
            0
        ],
        [
            0,
            60,
            0
        ],
        [
            0,
            0,
            70
        ]
    ],
    "alpha_d":-0.03530191193808482,
    "ballast_rate":-0.025,
    "desired_glide_speed":0.3,
    "glide_angle_deg":25,
    "glide_dir":"U",
    "lim1":6.314841889800814,
    "lim2":-6.314841889800814,
    "m":50.0,
    "m0":0.0,
    "m0_d":-0.04732017627301843,
    "mb":1.0,
    "mb_d":0.9526798237269793,
    "mh":40.0,
    "mm":9.0,
    "ms":41.0,
    "mt":50.0,
    "mw":0.0,
    "phi":0.0,
    "pid_control":"enable",
    "psi":0.0,
    "rb1":0.0,
    "rb3":0.0,
    "rp1_d":-0.019831105540090876,
    "rp3":0.05,
    "theta0":-0.7853981633974483,
    "theta_d":0.4010304010604976,
    "v1_d":0.2998130856646799,
    "v3_d":-0.010588374012251428
}