{
    "rp1_d":-0.019831105540090876,
    "theta_prev":-0.7853981633974483
}