{
    "phi_prev":0.7853981633974483,
    "theta_prev":-0.4363323129985824
}