{
    "delta":0.4363323129985824,
    "delta_prev":0.0,
    "theta_prev":-0.4363323129985824
}