{
    "phi_prev":-28.847018716838377,
    "theta_prev":0.3828304329744165
}