{
    "J":[
        [
            4,
            0,
            0
        ],
        [
            0,
            12,
            0
        ],
        [
            0,
            0,
            11
        ]
    ],
    "KD":25,
    "KD0":2.15,
    "KL":132.5,
    "KL0":0.0,
    "KM":-100,
    "KM0":0.0,
    "KOmega11":-20,
    "KOmega12":-60,
    "KOmega13":-20,
    "KOmega21":0,
    "KOmega22":0,
    "KOmega23":0,
    "K_MR":-60,
    "K_MY":100,
    "K_beta":20,
    "M":[
        [
            45.0,
            0.0,
            0.0
        ],
        [
            0.0,
            100.0,
            0.0
        ],
        [
            0.0,
            0.0,
            110.0
        ]
    ],
    "Mf":[
        [
            5,
            0,
            0
        ],
        [
            0,
            60,
            0
        ],
        [
            0,
            0,
            70
        ]
    ],
    "alpha_d":0.05606495549338029,
    "ballast_rate":0.001,
    "beta_d":0.017453292519943295,
    "desired_glide_speed":0.3,
    "desired_pos":[
        200,
        70,
        60
    ],
    "glide_angle_deg":16.69924423399362,
    "glide_dir":"D",
    "lim1":6.314841889800814,
    "lim2":-6.314841889800814,
    "m":50.0,
    "m0":0.0,
    "m0_d":0.0711096545245482,
    "mb":1.0,
    "mb_d":1.0711096545245504,
    "mh":40.0,
    "mm":9.0,
    "ms":41.0,
    "mt":50.0,
    "mw":0.0,
    "phi0":0.7853981633974483,
    "pid_control":"disable",
    "psi0":0.0,
    "rb1":0.0,
    "rb2":0.0,
    "rb3":0.0,
    "rp1_d":0.009926999103644446,
    "rp2":0.0,
    "rp3":0.05,
    "rudder":"enable",
    "rudder_angle":0.17453292519943295,
    "theta0":-0.4363323129985824,
    "theta_d":-0.23539183898448682,
    "v1_d":0.29948301194305094,
    "v2_d":0.005235721931185053,
    "v3_d":0.016808116294747336
}