{
    "J":[
        [
            4,
            0,
            0
        ],
        [
            0,
            12,
            0
        ],
        [
            0,
            0,
            11
        ]
    ],
    "KD":25,
    "KD0":2.15,
    "KL":132.5,
    "KL0":0.0,
    "KM":-100,
    "KM0":0.0,
    "KOmega11":-20,
    "KOmega12":-60,
    "KOmega13":-20,
    "KOmega21":0,
    "KOmega22":0,
    "KOmega23":0,
    "K_MR":-60,
    "K_MY":100,
    "K_beta":20,
    "M":[
        [
            45.0,
            0.0,
            0.0
        ],
        [
            0.0,
            100.0,
            0.0
        ],
        [
            0.0,
            0.0,
            110.0
        ]
    ],
    "Mf":[
        [
            5,
            0,
            0
        ],
        [
            0,
            60,
            0
        ],
        [
            0,
            0,
            70
        ]
    ],
    "alpha_d":0.023327267222662477,
    "ballast_rate":0.001,
    "beta_d":0.017453292519943295,
    "delta":0.0,
    "desired_glide_speed":0.3,
    "desired_y":400,
    "glide_angle_deg":34.99202019855866,
    "glide_dir":"D",
    "lim1":6.314841889800814,
    "lim2":-6.314841889800814,
    "m":50.0,
    "m0":0.0,
    "m0_d":0.03459241134621749,
    "mb":1.0,
    "mb_d":1.0345924113462144,
    "mh":40.0,
    "mm":9.0,
    "ms":41.0,
    "mt":50.0,
    "mw":0.0,
    "phi0":0.7853981633974483,
    "pid_control":"disable",
    "psi0":1.5707963267948966,
    "psi_d":1.3258176636680323,
    "rb1":0.0,
    "rb2":0.0,
    "rb3":0.0,
    "rp1_d":0.03228924980267947,
    "rp2":0.0,
    "rp3":0.05,
    "rudder":"enable",
    "rudder_angle":0.17453292519943295,
    "theta0":-0.4363323129985824,
    "theta_d":-0.5873986971665462,
    "v1_d":0.2998727004700326,
    "v2_d":0.005235721931185053,
    "v3_d":0.006996479734080147
}